12-Volt Sailor,DVD,Documentary,0,0
12-Volts Made Easy,DVD,Documentary,0,0
13 going on 30,DVD,Comedy,0,0
13th Warrior: The,DVD,Action,0,0
2000 Leagues under the Sea,DVD,Disney,0,0
2010 : The Year we make Contact,DVD,SciFi,0,0
50 First Dates,BluRay,Comedy,0,0
50 Year War: The : Israel and the Arab Nations,DVD,Documentary,0,0
6th Day: The,DVD,SciFi,0,0
9 1/2 Weeks,DVD,Drama,0,0
A Bugs Life,DVD,Disney,0,0
A Little Princess,DVD,Drama,0,0
A Series of Unfortunate Events,DVD,Disney,0,0
Adventures of Ichabod and Mr. Toad: The,DVD,Disney,0,0
Agent Cody Banks,DVD,Children,0,0
Aladin,DVD,Disney,0,0
Alien,DVD,SciFi,130035FA7EA2,0
Alien 3,DVD,SciFi,0,0
Alien Resurrection,DVD,SciFi,0,0
Alien Vs. Predator,DVD,SciFi,0,0
Aliens,DVD,SciFi,0,0
Along Came a Spider,DVD,Suspense,0,0
Amadeus,DVD,Drama,0,0
America Pie,DVD,Comedy,0,0
American Pie 2,DVD,Comedy,0,0
American Psycho,DVD,Suspense,0,0
An American Werewolf In London,DVD,Horror,0,0
An Extremely Goofy Movie,DVD,Disney,0,0
Anacondas,DVD,Action,0,0
Animatrix: The,DVD,SciFi,0,0
AquaMarine,DVD,Drama,0,0
Aristocats: The,DVD,Disney,0,0
As Good as it Gets,DVD,Disney,0,0
Assault on Precinct 13,DVD,Action,0,0
Atlantis : The Lost Empire,DVD,Disney,0,0
Austin Powers : Goldmember,DVD,Comedy,0,0
Austin Powers : International Man of Mystery,DVD,Comedy,0,0
Austin Powers : The Spy who Shagged Me,DVD,Comedy,0,0
AVP : Requiem,BluRay,SciFi,0,0
Baby Einstein : Baby Galileo,DVD,Disney,0,0
Baby Einstein : Baby Mozart,DVD,Disney,0,0
Baby Einstein : Baby Neptune,DVD,Disney,0,0
Baby Einstein : Language Nursery,DVD,Disney,0,0
Baby Mama,DVD,Drama,0,0
Bambi,DVD,Disney,0,0
Barbie of Swan Lake,DVD,Children,0,0
Basic Instinct,DVD,Drama,0,0
Batman Begins,DVD,Action,0,0
Batman Beyond : Return of the Joker,DVD,Children,0,0
Beauty and the Beast,DVD,Disney,0,0
Bedknobs and Broomsticks,DVD,Disney,0,0
Behind Enemy Lines,DVD,Action,0,0
Belly of the Beast,DVD,Action,0,0
Ben-Hur,DVD,Drama,0,0
Big Red One: The,DVD,Action,0,0
Black Hawk Down,DVD,Action,0,0
Black Mask,DVD,KungFu,0,0
Blade,DVD,Horror,0,0
Blade II,DVD,Horror,0,0
Blade III,DVD,Horror,0,0
Blades of Glory,DVD,Comedy,0,0
Bone Collector: The,DVD,Action,0,0
Borat,DVD,Comedy,0,0
Bourne Identity: The,DVD,Action,0,0
Bourne Supremecy: The,DVD,Action,0,0
Braveheart,DVD,Action,0,0
Bridge to Terabithia,DVD,Disney,0,0
Brother Bear,DVD,Disney,0,0
Brother Bear 2,DVD,Disney,0,0
Bulletproof Monk,DVD,KungFu,0,0
Cars,DVD,Disney,0,0
Cast Away,DVD,Drama,0,0
Cat From Outer Space: The,DVD,Disney,0,0
Chain Reaction,DVD,Action,0,0
Charlies Angels,DVD,Action,0,0
Charlies Angels : Full Throttle,DVD,Action,0,0
Chicken Run,DVD,Children,0,0
Chitty Chitty Bang Bang,DVD,Disney,0,0
Christianity : The First Thousand Years,DVD,Documentary,0,0
Christianity : The Second Thousand Years,DVD,Documentary,0,0
Chronicles of Riddick: The,DVD,SciFi,0,0
Cinderella,DVD,Disney,0,0
Cinderella II : Dreams Come True,DVD,Disney,0,0
Cinderella III : A Twist in Time,DVD,Disney,0,0
Click,DVD,Comedy,0,0
Collateral Damage,DVD,Action,0,0
Corruptor: The,DVD,Action,0,0
Count of Monte Cristo: The,DVD,Drama,0,0
Cradle 2 the Grave,DVD,KungFu,0,0
Croching Tiger Hidden Dragon,DVD,KungFu,0,0
Cursed,DVD,Horror,0,0
Cyborg 2,DVD,SciFi,0,0
Daredevil,DVD,Action,0,0
Dark Knight: The,BluRay,Action,0,0
DaVinci Code: The,DVD,Suspense,0,0
Dawn of the Dead (1978),DVD,Horror,0,0
Dawn of the Dead (2004),DVD,Horror,0,0
Day the Earth Stood Still: The,DVD,SciFi,0,0
Deep Blue Sea,DVD,SciFi,0,0
Defender: The,DVD,KungFu,0,0
Defiance,DVD,Action,0,0
Derailed,DVD,Drama,0,0
Desperado,DVD,Action,0,0
Devil Wears Prada: The,DVD,Drama,0,0
Dinosaur,DVD,Disney,0,0
District 9,BluRay,SciFi,0,0
Black Hawk Down,DVD,Action,0,0
Dracula 2000,DVD,Horror,0,0
Drunken Master,DVD,KungFu,0,0
Duece Bigalow : European Gigolo,DVD,Comedy,0,0
Duece Bigalow : Male Gigolo,DVD,Comedy,0,0
Dune,DVD,SciFi,0,0
Edward Sciccorhands,DVD,Drama,0,0
Emperors New Groove: The,DVD,Disney,0,0
Enemy at the Gates,DVD,Action,0,0
Enemy of the State,DVD,Action,0,0
Enforcer: The,DVD,KungFu,0,0
Enter the Dragon,DVD,KungFu,0,0
Entrapment,DVD,Action,0,0
Eraser,DVD,Action,0,0
Event Horizon,DVD,Horror,0,0
Evil Dead : Book of the Dead (Limited Edition),DVD,Horror,0,0
Evil Dead 2 : Dead by Dawn,DVD,Horror,0,0
Evil Dead 2 : Dead by Dawn (Limited Edition),DVD,Horror,0,0
Evil Dead 3 : Army of Darkness,DVD,Horror,0,0
Evil Dead 3 : Army of Darkness (Directors Cut),DVD,Horror,0,0
Evolution,DVD,Comedy,0,0
Excalibur,DVD,Action,0,0
Exit Wounds,DVD,Action,0,0
Exorcism of Emily Rose,DVD,Horror,0,0
Exorcist: The,DVD,Horror,0,0
Exorcist: The Beginning,DVD,Horror,0,0
Fantasia,DVD,Disney,0,0
Fantasia 2000,DVD,Disney,0,0
Fantasia Legacy,DVD,Disney,0,0
Fast and the Furious: The,DVD,Action,0,0
Fearless,DVD,KungFu,0,0
Fiddler on the roof,DVD,Musical,0,0
Fight Club,DVD,Action,0,0
Final Destination ,DVD,Horror,0,0
Final Destination 2,DVD,Horror,0,0
Finding Nemo,DVD,Disney,0,0
Firefly : Complete Season,DVD,SciFi,0,0
First Strike,DVD,KungFu,0,0
Fist of Legend,DVD,KungFu,0,0
Footloose,DVD,Drama,0,0
Forbidden Planet,DVD,SciFi,0,0
Fox and the Hound: The,DVD,Disney,0,0
Frantic,DVD,Suspense,0,0
Freaky Friday,DVD,Children,0,0
Freddy vs. Jason,DVD,Horror,0,0
Friday the 13th,DVD,Horror,0,0
Friday the 13th (2008),DVD,Horror,0,0
Friday the 13th Part II,DVD,Horror,0,0
Friday the 13th Part III,DVD,Horror,0,0
Friday the 13th Part IV : The Final Chapter,DVD,Horror,0,0
Friday the 13th Part V : An New Beginning,DVD,Horror,0,0
Friday the 13th Part VI : Jason Lives,DVD,Horror,0,0
Friday the 13th Part VII : The New Blood,DVD,Horror,0,0
Friday the 13th Part VIII : Jason Takes Manhatton,DVD,Horror,0,0
Friday the 13th Part VIII : Jason Takes Manhatton,DVD,Horror,0,0
Friday the 13th Part VIIII : Jason goes to Hell,DVD,Horror,0,0
Friday the 13th Part X : Jason X,DVD,Horror,0,0
Friends : Volume 1,DVD,Comedy,0,0
From Hell,DVD,Horror,0,0
Fun and Fancy Free,DVD,Disney,0,0
Funhouse: The,DVD,Horror,0,0
Game: The,DVD,Suspense,0,0
George of the Jungle 2,DVD,Disney,0,0
Ghost of Mars,DVD,Horror,0,0
Ghost Ship,DVD,Horror,0,0
Ghosts of the Abyss,DVD,Documentary,0,0
Gladiator,DVD,Action,0,0
Godzilla,DVD,SciFi,0,0
Godzilla : Godzilla vs Mothra,DVD,SciFi,0,0
Godzilla : Godzillas Revenge,DVD,SciFi,0,0
Godzilla : King of the Monsters,DVD,SciFi,0,0
Godzilla : Rodan,DVD,SciFi,0,0
Godzilla : Terror of MechaGodzilla,DVD,SciFi,0,0
Godzilla 2000,DVD,SciFi,0,0
Gone in 60 Seconds,DVD,Action,0,0
Goonies: The,DVD,Children,0,0
Grease,DVD,Drama,0,0
Great Mouse Detective: The,DVD,Disney,0,0
Grudge 2: The,DVD,Horror,0,0
Grudge: The,DVD,Horror,0,0
Half Past Dead,DVD,Action,0,0
Happy Feet,DVD,Children,0,0
Hard to Kill,DVD,Action,0,0
Harry Potter and the Chamber of Secrets,DVD,Children,0,0
Harry Potter and the Goblet of Fire,DVD,Children,0,0
Harry Potter and the Half Blood Prince,DVD,Children,0,0
Harry Potter and the Order of the Pheonix,DVD,Children,0,0
Harry Potter and the Prisoner of Azkaban,DVD,Children,0,0
Harry Potter and the Sorcerers Stone,DVD,Children,0,0
Haunted Mansion: The,DVD,Disney,0,0
Hercules,DVD,Disney,0,0
Hero,DVD,KungFu,0,0
High Crimes,DVD,Action,0,0
Highlander,DVD,Action,0,0
History of the World : Part I,DVD,Comedy,0,0
Hitchhikers Guide to the Galaxy: The,DVD,SciFi,0,0
Hollow Man,DVD,SciFi,0,0
Horton hears a Who!,DVD,Children,0,0
Hostage,DVD,Action,0,0
Hot Fuzz,DVD,Comedy,0,0
Hulk,BluRay,Action,0,0
Hunchback of Notre Dame II : The,DVD,Disney,0,0
Hunchback of Notre Dame: The,DVD,Disney,0,0
i: Robot,DVD,SciFi,0,0
Ice Age,DVD,Children,0,0
Ice Age : The Meltdown,DVD,Children,0,0
Incredibles: The,DVD,Disney,0,0
Independence Day,DVD,SciFi,0,0
Indiana Jones : Raiders of the Lost Ark,DVD,Action,0,0
Indiana Jones : The Kingdom of the Crystam Skull,DVD,Action,0,0
Indiana Jones : The Last Crusade,DVD,Action,0,0
Indiana Jones : The Temple of Doom,DVD,Action,0,0
Inglourious Basterds,BluRay,Action,0,0
Invincible,BluRay,Disney,0,0
Iron Man,BluRay,Action,0,0
Iron Monkey,DVD,KungFu,0,0
Island: The,DVD,Action,0,0
Italian Job: The,DVD,Action,0,0
James and the Giant Peach,DVD,Action,0,0
James Bond : A View to a Kill,DVD,Action,0,0
James Bond : Bond Girls are Forever,DVD,Action,0,0
James Bond : Casino Royale,DVD,Action,0,0
James Bond : Diamonds are Forever,DVD,Action,0,0
James Bond : Die Another Die,DVD,Action,0,0
James Bond : Dr. No,DVD,Action,0,0
James Bond : For Your Eyes Only,DVD,Action,0,0
James Bond : From Russia with Love,DVD,Action,0,0
James Bond : GoldenEye,DVD,Action,0,0
James Bond : Goldfinger,DVD,Action,0,0
James Bond : License to Kill,DVD,Action,0,0
James Bond : Live and Let Die,DVD,Action,0,0
James Bond : Moonraker,DVD,Action,0,0
James Bond : Never Say Never Again,DVD,Action,0,0
James Bond : Octopussy,DVD,Action,0,0
James Bond : On Her Majestys Secret Service,DVD,Action,0,0
James Bond : Quantum of Solace,DVD,Action,0,0
James Bond : The Living Daylights,DVD,Action,0,0
James Bond : The Man with the Golden Gun,DVD,Action,0,0
James Bond : The Spy Who Loved Me,DVD,Action,0,0
James Bond : The World is Not Enough,DVD,Action,0,0
James Bond : Thunderball,DVD,Action,0,0
James Bond : Tomorrow Never Dies,DVD,Action,0,0
James Bond : You Only Live Twice,DVD,Action,0,0
Jaws,DVD,Horror,0,0
Jay and Silent Bob Strike Back,DVD,Comedy,0,0
Jeepers Creepers,DVD,Horror,0,0
Jeepers Creepers 2,DVD,Horror,0,0
Jennifers Body,DVD,Horror,0,0
John Q,DVD,Action,0,0
Johnny Mnemonic,DVD,SciFi,0,0
Journey to the Center of the Earth,DVD,Action,0,0
Jungle Book 2: The,DVD,Disney,0,0
Jungle Book: The,DVD,Disney,0,0
Just Married,DVD,Drama,0,0
Just my Luck,DVD,Drama,0,0
K19 : The Widowmaker,DVD,Action,0,0
Kangaroo Jack,DVD,Children,0,0
Karate Cop,DVD,Action,0,0
Kid: The,DVD,Disney,0,0
Kill Bill Volume 1,DVD,Action,0,0
Kill Bill Volume 2,DVD,Action,0,0
King Arthur,DVD,Action,0,0
King Kong,DVD,Action,0,0
Kingdom of David : The Saga of the Israelites,DVD,Documentary,0,0
Kingdom of Heaven,DVD,Drama,0,0
Kippur,DVD,Action,0,0
Kiss of the Dragon,DVD,KungFu,0,0
Kiss the Girls,DVD,Suspense,0,0
Kung Fu Hustle,DVD,KungFu,0,0
Ladies Man: The,DVD,Comedy,0,0
Lady and the Tramp,DVD,Disney,0,0
Lady and the Tramp 2,DVD,Disney,0,0
Land of the Dead: The,DVD,Horror,0,0
Land of the Lost,DVD,Comedy,0,0
Last Action Hero,DVD,Action,0,0
Last Days: The,DVD,Horror,0,0
Last House on the Left: The,DVD,Horror,0,0
Last of the Mohicans: The,DVD,Drama,0,0
Lawnmower Man 2 : Jacobs War,DVD,SciFi,0,0
Lawrence of Arabia,DVD,Drama,0,0
Legally Blonde,DVD,Comedy,0,0
Legally Blonde 2 : Red: White: & Blonde,DVD,Comedy,0,0
Legend of Zorro: The,DVD,Action,0,0
Lethal Weapon 3,DVD,Action,0,0
Lethal Weapon 4,DVD,Action,0,0
Lilo & Stitch,DVD,Disney,0,0
Little Einsteins : Race for Space,DVD,Disney,0,0
Little Einsteins : The legend of the golden pyramid,DVD,Disney,0,0
Little Mermaid II: The : Return to the Sea,DVD,Disney,0,0
Little Mermaid III: The : Ariels Beginning,DVD,Disney,0,0
Little Mermaid: The,DVD,Children,0,0
Lizzie McGuire Movie: The,DVD,Disney,0,0
Lord of the Rings: The (Animated),DVD,Children,0,0
Lord of the Rings: The : The Fellowship of the Ring,DVD,SciFi,0,0
Lord of the Rings: The : The Return of the King,DVD,SciFi,0,0
Lord of the Rings: The : The Two Towers,DVD,SciFi,0,0
Madagascar,DVD,Children,0,0
Many Adventures of Winnie the Pooh: The,DVD,Disney,0,0
Marie Antionette,DVD,Drama,0,0
Marine,DVD,Action,0,0
Marine Diesel Engine,DVD,Documentary,0,0
Marine Plumbing,DVD,Documentary,0,0
Mary Poppins,DVD,Disney,0,0
Master and Commander : The Far Side of the World,DVD,Action,0,0
Master of Disguise: The,DVD,Comedy,0,0
Material Girls,DVD,Drama,0,0
Matrix Reloaded: The,DVD,SciFi,0,0
Matrix Revolutions: The,DVD,SciFi,0,0
Matrix: The,DVD,SciFi,0,0
Medallion: The,DVD,KungFu,0,0
Meet the Parents,DVD,Comedy,0,0
Melody Time,DVD,Disney,0,0
Memoirs of a Geisha,DVD,Drama,0,0
Men in Black II,DVD,SciFi,0,0
Mercury Rising,DVD,Action,0,0
Miami Vice,DVD,Action,0,0
Minority Report,DVD,Action,0,0
Mission Impossible,DVD,Action,0,0
Mission Impossible 2,DVD,Action,0,0
Mission Impossible 3,DVD,Action,0,0
Mission to Mars,DVD,SciFi,0,0
Monster House,DVD,Children,0,0
Monsters Inc.,DVD,Disney,0,0
Monty Python : Flying Circus,DVD,Comedy,0,0
Monty Python : The Holy Grail,DVD,Comedy,0,0
Monty Python : The Life of Brian,DVD,Comedy,0,0
Monty Python : The Meaning of Life,DVD,Comedy,0,0
Mulan,DVD,Disney,0,0
Mummy Returns: The,DVD,Action,0,0
Mummy: The,DVD,Action,0,0
Munich,DVD,Action,0,0
Muppet Show: The : Season 1,DVD,Children,0,0
Murder at 1600,DVD,Suspense,0,0
My Best Friends Girl,DVD,Comedy,0,0
Mystery Science Theater 3000 : The Movie,DVD,Comedy,0,0
Myth: The,DVD,KungFu,0,0
Nacho Libre,DVD,Comedy,0,0
Napoleon Dynamite,DVD,Comedy,0,0
Narnia: The Chronicles of,DVD,Children,0,0
National Treasure,BluRay,Disney,0,0
Negotiator: The,DVD,Action,0,0
Night at the Museum,BluRay,Children,0,0
Night of the Living Dead (1968),DVD,Horror,0,0
Nightmare Before Christmas: The,DVD,Children,0,0
Oceans Eleven,DVD,Action,0,0
Oceans Twelve,DVD,Action,0,0
Office Space,DVD,Comedy,0,0
Once Upon a Time in Mexico,DVD,Action,0,0
One: The,DVD,KungFu,0,0
Others: The,DVD,Suspense,0,0
Out of Time,DVD,Suspense,0,0
P.S. I Love You,DVD,Drama,0,0
Parent Trap: The,DVD,Disney,0,0
Passion: The,DVD,Drama,0,0
Patriot: The,DVD,Drama,0,0
Pay it Forward,DVD,Drama,0,0
Pearl Harbor,DVD,Drama,0,0
Peter Pan,DVD,Disney,0,0
Phantom of the Opera: The,DVD,Musical,0,0
Pianist: The,DVD,Action,0,0
Pink Panther: The,DVD,Comedy,0,0
Pinocchio,DVD,Disney,0,0
Pirates of the Caribbean : At Worlds End,DVD,Disney,0,0
Pirates of the Caribbean : Dead Mans Chest,DVD,Disney,0,0
Pirates of the Caribbean : The Curse of the Black Perl,DVD,Disney,0,0
Pitch Black,DVD,SciFi,0,0
Planet of the Apes (1967),DVD,SciFi,0,0
Planet of the Apes (2001),DVD,SciFi,0,0
Planet of the Apes : Battle for the Planet of the Apes,DVD,SciFi,0,0
Planet of the Apes : Beneath the Planet of the Apes,DVD,SciFi,0,0
Planet of the Apes : Conquest of the Planet of the Apes,DVD,SciFi,0,0
Planet of the Apes : Escape from the Planet of the Apes,DVD,SciFi,0,0
Poohs Heffalump Movie,DVD,Disney,0,0
Poseidon,DVD,Suspense,0,0
Powerpuff Girls Movie: The,DVD,Children,0,0
Powerpuff Girls: The : Down and Dirty,DVD,Children,0,0
Powerpuff Girls: The : Meet the Beat-Alls,DVD,Children,0,0
Powerpuff Girls: The : Powerpuff Bluff,DVD,Children,0,0
Powerpuff Girls: The : The Mane Event,DVD,Children,0,0
Predator,DVD,Action,0,0
Predator 2,DVD,Action,0,0
Pretty Woman,DVD,Drama,0,0
Prince and Me: The,DVD,Drama,0,0
Princess Bride: The,DVD,Drama,0,0
Princess Diaries: The,DVD,Drama,0,0
Professional: The,DVD,Action,0,0
Project A,DVD,KungFu,0,0
Pulp Fiction,DVD,Action,0,0
Punisher: The,DVD,Action,0,0
Rambo,BluRay,Action,0,0
Rambo : First Blood,DVD,Action,0,0
Rambo II,DVD,Action,0,0
Rambo III,DVD,Action,0,0
Ratatoulie,DVD,Disney,0,0
Red Planet,DVD,SciFi,0,0
Rescuers Down Under: The,DVD,Disney,0,0
Reservior Dogs,DVD,Action,0,0
Resident Evil,DVD,Horror,0,0
Resident Evil : Apocalypse,DVD,Horror,0,0
Resident Evil : Extinction,DVD,Horror,0,0
Ring (Japanese Import),DVD,Horror,0,0
Ring 0 (Japanese Import),DVD,Horror,0,0
Ring 2 (Japanese Import),DVD,Horror,0,0
Ring 2: The,DVD,Horror,0,0
Ring: The,DVD,Horror,0,0
Road to El Dorado: The,DVD,Children,0,0
Robin Hood : Men in Tights,DVD,Comedy,0,0
Robots,DVD,Disney,0,0
Roman Empire: The : The First Century,DVD,Documentary,0,0
Romeo must Die,DVD,KungFu,0,0
Rumble in the Bronx,DVD,KungFu,0,0
RunDown: The,DVD,Action,0,0
Rush Hour,DVD,KungFu,0,0
Rush Hour 2,DVD,KungFu,0,0
Rush Hour 3,DVD,KungFu,0,0
RV,DVD,Comedy,0,0
Saludos Amigos,DVD,Disney,0,0
Saving Private Ryan,DVD,Action,0,0
Saw,DVD,Horror,0,0
Saw II,DVD,Horror,0,0
Scary Movie,DVD,Comedy,0,0
Schindlers List,DVD,Children,0,0
SchoolHouseRock!,DVD,Children,0,0
Scooby Doo : The Alien Invaders,DVD,Children,0,0
Scooby Doo : The Movie,DVD,Children,0,0
Scooby Doo 2 : Monsters Unleashed,DVD,Children,0,0
Scooby-Doo : And the Samuari Sword,DVD,Children,0,0
Scooby-Doo : And the Witches Ghost,DVD,Children,0,0
Scorpion King: The,DVD,Action,0,0
Scream,DVD,Horror,0,0
Scream 2,DVD,Horror,0,0
Scream 3,DVD,Horror,0,0
Secret of NIHM: The,DVD,Children,0,0
Secret: The,DVD,Documentary,0,0
Sense and Sensibility,DVD,Drama,0,0
Sentinel: The,DVD,Horror,0,0
Series of Unfortunate Events: A,DVD,Children,0,0
Serinity,DVD,SciFi,0,0
Seven,DVD,Horror,0,0
Shaft,DVD,Action,0,0
Shark Tale,DVD,Children,0,0
Shawshank Redemption: The,DVD,Drama,0,0
Shrek,DVD,Children,0,0
Shrek 2,DVD,Children,0,0
Signs,DVD,Suspense,0,0
Silence of the Lambs: The,DVD,Action,0,0
Sixth Sense: The,DVD,Suspense,0,0
Skeleton Key: The,DVD,Horror,0,0
Sky Captain and the World of Tomorrow,DVD,SciFi,0,0
Sleeping Beauty,DVD,Disney,0,0
Sleepover,DVD,Comedy,0,0
Sleepy Hollow,DVD,Drama,0,0
Snaked on a Plane,DVD,Action,0,0
Snow White and the Seven Dwarfs,DVD,Disney,0,0
Sound of Music: The,DVD,Musical,0,0
Spaceballs,DVD,Comedy,0,0
Spiderman,DVD,Action,0,0
Spiderman 2,DVD,Action,0,0
Spiderman 3,DVD,Action,0,0
Spy Kids,DVD,Children,0,0
Spy Kids 2 : The Island of Lost Dreams ,DVD,Children,0,0
Spy Kids 3D : Game Over,DVD,Children,0,0
Star Trek,BluRay,SciFi,0,0
Star Trek : First Contact,DVD,SciFi,0,0
Star Trek : Insurrection,DVD,SciFi,0,0
Star Trek : The Motion Picture,DVD,SciFi,0,0
Star Trek II : The Wrath of Kahn,DVD,SciFi,0,0
Star Trek III : The Search for Spock,DVD,SciFi,0,0
Star Trek IV : The Voyage Home,DVD,SciFi,0,0
Star Trek V : The Final Frontier,DVD,SciFi,0,0
Star Wars Episode I : The Phantom Menace,DVD,SciFi,0,0
Star Wars Episode II : Attack of the Clones,DVD,SciFi,0,0
Star Wars Episode III : Revenge of the Sith,DVD,SciFi,0,0
Star Wars Episode IV : A New Hope (Special Edition),DVD,SciFi,0,0
Star Wars Episode V : The Empire Strikes Back (Special Edition),DVD,SciFi,0,0
Star Wars Episode VI : The Return of the Jedi (Special Edition),DVD,SciFi,0,0
StarDust,DVD,Drama,0,0
Stargate,DVD,SciFi,0,0
Starship Troopers,DVD,SciFi,0,0
Stitch! The Movie,DVD,Disney,0,0
Stuart Little,DVD,Children,0,0
Sum of all Fears: The,DVD,Action,0,0
Superman Returns,DVD,Action,0,0
Swan Princess: The,DVD,Children,0,0
Swan Princess: The : Mystery of the enchanted treasure,DVD,Children,0,0
Sword in the Stone: The,DVD,Disney,0,0
Swordfish,DVD,Action,0,0
Syriana,DVD,Action,0,0
Taking Lives,DVD,Drama,0,0
Tarzan,DVD,Disney,0,0
Ten Commandments: The,DVD,Drama,0,0
Terminator 2 : Judgement Day,DVD,Action,0,0
Terminator 3 : Rise of the Machines,DVD,Action,0,0
Terminator: The,DVD,Action,0,0
Texas Chainsaw Massacre: The (1974),DVD,Horror,0,0
Texas Chainsaw Massacre: The (2004),DVD,Horror,0,0
The Roman Empire : In the First Century,DVD,Documentary,0,0
They,DVD,Horror,0,0
Thirteen Ghosts,DVD,Horror,0,0
Three Caballeros: The,DVD,Disney,0,0
Tigger Movie: The,DVD,Disney,0,0
Timeline,DVD,SciFi,0,0
Tinker Bell,DVD,Disney,0,0
Tinker Bell and the Lost Treasuer,DVD,Disney,0,0
Titan A.E.,DVD,Disney,0,0
Titanic,DVD,Drama,0,0
To Kill a Mockingbird,DVD,Drama,0,0
Tomb Raider,DVD,Action,0,0
Total Recall,DVD,SciFi,0,0
Toy Story,DVD,Disney,0,0
Toy Story 2,DVD,Disney,0,0
Training Day,DVD,Action,0,0
Transformers,DVD,SciFi,0,0
Transformers 2 : Revenge of the Fallen,BluRay,SciFi,0,0
Transformers 3 : Dark of the Moon,BluRay,SciFi,130033EBCE05,0
Transporter 2: The,DVD,Action,0,0
Transporter: The,DVD,Action,0,0
Treasure Planet,DVD,Disney,0,0
Troll,DVD,Horror,0,0
Troll,DVD,Horror,0,0
Troll 2,DVD,Horror,0,0
Troll Troll 2,DVD,Horror,0,0
Troy,DVD,Drama,0,0
Truth About Cats & Dogs: The,DVD,Drama,0,0
Tuxedo: The,DVD,KungFu,0,0
twilight,DVD,Drama,0,0
Twisted,DVD,Horror,0,0
U-571,DVD,Action,0,0
UHF,DVD,Comedy,0,0
Unbreakable,DVD,Suspense,0,0
Undercover Brother,DVD,Comedy,0,0
Underworld,DVD,Horror,0,0
V for Vendeta,DVD,Action,0,0
Van Helsing,DVD,Action,0,0
Village: The,DVD,Suspense,0,0
Wall-E,DVD,Disney,0,0
War,DVD,KungFu,0,0
War of the Worlds,DVD,SciFi,0,0
Watcher: The,DVD,Suspense,0,0
We Were Soldiers,DVD,Action,0,0
What a girl wants,DVD,Drama,0,0
What Lies Beneath,DVD,Suspense,0,0
What Women Want,DVD,Comedy,0,0
Who am I?,DVD,KungFu,0,0
Wild Things,DVD,Drama,0,0
Willy Wonka and the Chocolate Factory,DVD,Children,0,0
Wizard of Oz: The,DVD,Children,0,0
Wrong Turn,DVD,Horror,0,0
Young Frankenstein,DVD,Comedy,0,0
X2,DVD,Action,0,0
X3 : The Last Stand,DVD,Action,0,0
X-Files : Fight the Future,DVD,SciFi,0,0
X-Files : Season 1,DVD,SciFi,0,0
X-Files : Season 2,DVD,SciFi,0,0
X-Files : Season 3,DVD,SciFi,0,0
X-Files : Season 4,DVD,SciFi,0,0
X-Men,DVD,Action,0,0
XXX,DVD,Action,0,0
XXX : State of the Union,DVD,Action,0,0
